{"cameraMode":{"drawMode":0,"name":"Shaded","section":"Shading Mode"},"sceneLighting":true,"audioPlay":false,"sceneViewState":{"showFog":false,"showMaterialUpdate":true,"showSkybox":true,"showFlares":true,"showImageEffects":true,"showParticleSystems":true},"in2DMode":false,"pivot":{"x":1.2159132957458497,"y":3.5388216972351076,"z":1.9229791164398194},"rotation":{"x":0.0462152324616909,"y":-0.7906543016433716,"z":0.060128457844257358,"w":0.6075595617294312},"size":23.905607223510743,"orthographic":false}