{"cameraMode":{"drawMode":0,"name":"Shaded","section":"Shading Mode"},"sceneLighting":true,"audioPlay":false,"sceneViewState":{"showFog":true,"showMaterialUpdate":true,"showSkybox":false,"showFlares":true,"showImageEffects":true,"showParticleSystems":true},"in2DMode":false,"pivot":{"x":-31.41265296936035,"y":5.442944049835205,"z":-13.834087371826172},"rotation":{"x":-0.07537389546632767,"y":0.9177551865577698,"z":-0.21093039214611054,"w":-0.32795047760009768},"size":134.6957550048828,"orthographic":false}