{"cameraMode":{"drawMode":0,"name":"Shaded","section":"Shading Mode"},"sceneLighting":true,"audioPlay":false,"sceneViewState":{"showFog":false,"showMaterialUpdate":true,"showSkybox":false,"showFlares":true,"showImageEffects":true,"showParticleSystems":true},"in2DMode":false,"pivot":{"x":-96.37916564941406,"y":2.882622241973877,"z":-142.84921264648438},"rotation":{"x":0.3229163587093353,"y":-0.002844958333298564,"z":0.0009695132030174136,"w":0.9464254975318909},"size":2.3473405838012697,"orthographic":false}