{"cameraMode":{"drawMode":0,"name":"Shaded","section":"Shading Mode"},"sceneLighting":false,"audioPlay":false,"sceneViewState":{"showFog":false,"showMaterialUpdate":true,"showSkybox":false,"showFlares":true,"showImageEffects":true,"showParticleSystems":true},"in2DMode":false,"pivot":{"x":-0.08467180281877518,"y":0.29627546668052676,"z":-0.9568537473678589},"rotation":{"x":0.2523003816604614,"y":0.12871892750263215,"z":-0.0338834710419178,"w":0.9584516882896423},"size":0.04960989952087402,"orthographic":false}