{"cameraMode":{"drawMode":0,"name":"Shaded","section":"Shading Mode"},"sceneLighting":false,"audioPlay":false,"sceneViewState":{"showFog":true,"showMaterialUpdate":true,"showSkybox":false,"showFlares":true,"showImageEffects":true,"showParticleSystems":true},"in2DMode":false,"pivot":{"x":4.135706901550293,"y":2.7148208618164064,"z":11.323197364807129},"rotation":{"x":-0.297294557094574,"y":0.586778461933136,"z":-0.24491699039936067,"w":-0.7122651934623718},"size":12.208885192871094,"orthographic":false}