{"cameraMode":{"drawMode":0,"name":"Shaded","section":"Shading Mode"},"sceneLighting":false,"audioPlay":false,"sceneViewState":{"showFog":false,"showMaterialUpdate":true,"showSkybox":false,"showFlares":true,"showImageEffects":true,"showParticleSystems":true},"in2DMode":false,"pivot":{"x":-1.8431406021118165,"y":3.0900001525878908,"z":-1.3200000524520875},"rotation":{"x":0.10418356955051422,"y":-0.8850802183151245,"z":0.23925477266311646,"w":0.3854111135005951},"size":2.132438898086548,"orthographic":false}